church_id,official_name,parish_name,parish_family_name,location_type,active_status,street_address,city,state,zip_code,latitude,longitude,phone,official_website,travel_zone,county,accessibility_notes,entrance_notes,primary_source_id,last_verified_date,research_status,notes
ec395625-802c-4ac9-a95f-cb4e3dc551ef,"Holy Trinity Church","Holy Family Parish","Holy Family",church,active,"140 N 6th St",Batavia,OH,45103,,,"(513) 732-2218",https://holyfamilyparishrcc.org/,clermont_county,Clermont,,,SRC-PARISH-20260807-001,2026-08-07,candidate,"Physical church retained after the four former parishes merged into Holy Family Parish."
5ea276c0-8e93-4f4b-8d04-b7205d45aaeb,"Saint Philomena Church","Holy Family Parish","Holy Family",church,active,"5236 Stonelick Williams Corner Rd",Batavia,OH,45103,,,"(513) 732-2218",https://holyfamilyparishrcc.org/st-philomena/,clermont_county,Clermont,,,SRC-PARISH-20260807-002,2026-08-07,candidate,"Current church page supersedes the Archdiocese dataset's 1880 Balzhiser Rd address; conflict remains documented."
bda98b0a-6751-49c8-afc0-8557790250a5,"St. Bernadette Church","St. Bernadette Parish","Stella Maris",church,active,"1479 Locust Lake Rd",Amelia,OH,45102,,,"(513) 753-5566",https://stellamarisfamily.org/contact-us/,clermont_county,Clermont,,,SRC-PARISH-20260807-003,2026-08-07,needs_resolution,"Pierce Township coverage relationship remains unverified."
f015344f-0f66-4512-8253-472bdafaf65a,"St. Veronica Church","St. Veronica Parish","St. Mary Magdalene Family of Parishes",church,active,"4473 Mt. Carmel-Tobasco Rd",Cincinnati,OH,45244,,,"(513) 528-1622",https://saintmarymagdalene.org/,clermont_county,Clermont,,,SRC-PARISH-20260807-004,2026-08-07,needs_resolution,"Clermont County location is corroborated; Eastgate/Union Township coverage remains unverified."
ea5697b7-593a-454a-85e6-93a4d0fa1219,"St. Thomas More Church","St. Thomas More Parish","Stella Maris",church,active,"800 Ohio Pike",Cincinnati,OH,45245,,,"(513) 752-2080",https://stellamarisfamily.org/contact-us/,clermont_county,Clermont,,,SRC-PARISH-20260807-005,2026-08-07,candidate,"Current family contact page confirms the physical destination."
2968c9da-9352-4ca6-972d-02341a9e8181,"St. Andrew Church","St. Andrew Parish","St. Mary Magdalene Family of Parishes",church,active,"551 Main St",Milford,OH,45150,,,"(513) 831-3353",https://saintmarymagdalene.org/get-to-know-our-campus,clermont_county,Clermont,,,SRC-PARISH-20260807-006,2026-08-07,candidate,"Current campus page distinguishes the church at 551 Main St from the parish office and center at 552 Main St."
aa59300e-62d1-40cb-a4bf-a14b6390c547,"St. Elizabeth Ann Seton Church","St. Elizabeth Ann Seton Parish","St. Mary Magdalene Family of Parishes",church,active,"5890 Buckwheat Rd",Milford,OH,45150,,,"(513) 575-0119",https://saintmarymagdalene.org/,clermont_county,Clermont,,,SRC-PARISH-20260807-007,2026-08-07,candidate,"Current family history identifies the parish with Milford-area Clermont County and Miami Township."
7a3ccf09-51ae-485b-8992-46a695f8f8d2,"St. Columban Catholic Church","St. Columban Parish","",church,active,"894 Oakland Rd",Loveland,OH,45140,,,"(513) 683-0105",https://stcolumban.org/about,clermont_county,Clermont,,,SRC-PARISH-20260807-008,2026-08-07,needs_resolution,"Clermont County location is corroborated; the family name and CC-07/CES-23 coverage interpretation remain unresolved."
aafc18cf-ff38-4383-a9a9-55e5a074bab7,"St. Louis Church","Holy Family Parish","Holy Family",church,active,"210 N Broadway St",Owensville,OH,45160,,,"(513) 732-2218",https://holyfamilyparishrcc.org/,clermont_county,Clermont,,,SRC-PARISH-20260807-010,2026-08-07,candidate,"Physical church retained after the four former parishes merged into Holy Family Parish."
51d3fd55-d2e8-4c58-bcfc-596f67f9d1ba,"St. Ann Church","Holy Family Parish","Holy Family",church,active,"370 S 5th St",Williamsburg,OH,45176,,,"(513) 732-2218",https://holyfamilyparishrcc.org/,clermont_county,Clermont,,,SRC-PARISH-20260807-011,2026-08-07,candidate,"Physical church retained after the four former parishes merged into Holy Family Parish."
65203fef-1e38-446e-85be-f9afea342422,"St. Mary Church","St. Mary Parish","Stella Maris",church,active,"3398 State Route 125",Bethel,OH,45106,,,"(513) 734-4041",https://stellamarisfamily.org/contact-us/,clermont_county,Clermont,,,SRC-PARISH-20260807-012,2026-08-07,needs_resolution,"Tate Township coverage relationship remains unverified."
8c38b8c5-35a5-43d2-a9ea-09f933161950,"St. Peter Church","St. Peter Parish","Stella Maris",church,active,"1192 Bethel-New Richmond Rd",New Richmond,OH,45157,,,"(513) 553-3267",https://stellamarisfamily.org/contact-us/,clermont_county,Clermont,,,SRC-PARISH-20260807-013,2026-08-07,candidate,"Current family contact page confirms the physical destination."
cb2d26d0-f6b5-44c1-b6e0-33b950fdce2d,"Immaculate Heart of Mary Church","Immaculate Heart of Mary Parish","St. Gregory the Great Family of Parishes",church,active,"7820 Beechmont Ave",Cincinnati,OH,45255,,,"(513) 388-4466",https://www.church.ihom.org/apps/pages/index.jsp?pREC_ID=1047866&type=d&uREC_ID=537490,cincinnati_east_side,,,,SRC-PARISH-20260807-014,2026-08-07,candidate,"Current parish history distinguishes the church at 7820 from the welcome center and school addresses."
ff99d95e-0b8e-48fc-a028-b5acb774510a,"Saint John Fisher Church","St. John Fisher Parish","St. Gregory the Great Family of Parishes",church,active,"3227 Church St",Newtown,OH,45244,,,"(513) 561-9431",https://sjfchurch.org/contact-us,cincinnati_east_side,,,,SRC-PARISH-20260807-015,2026-08-07,candidate,"Current parish and family pages agree on identity and address."
572440b1-3c95-49ca-afb9-06330505260c,"Guardian Angels Church","Guardian Angels Parish","St. Gregory the Great Family of Parishes",church,active,"6531 Beechmont Ave",Cincinnati,OH,45230,,,"(513) 231-7440",https://parish.gaparish.org/index.jsp,cincinnati_east_side,,,,SRC-PARISH-20260807-016,2026-08-07,candidate,"Current parish and family pages agree on 6531 Beechmont Ave; the Archdiocese dataset's 6539 address remains documented."
9172bb06-c043-452b-bb08-c5aefdbc25b3,"The Good Shepherd","Community of the Good Shepherd","Good Shepherd",church,active,"8815 E Kemper Rd",Cincinnati,OH,45249,,,"(513) 489-8815",https://good-shepherd.org/,cincinnati_east_side,,,,SRC-PARISH-20260807-017,2026-08-07,needs_resolution,"Montgomery and Blue Ash coverage relationships remain unverified."
42816be8-8c22-477e-9cc6-dae550e22262,"St. Saviour Church","Transfiguration of Our Lord Parish","Crescent Parishes",church,active,"4136 Myrtle Ave",Cincinnati,OH,45236,,,"(513) 791-9004",https://crescentparishes.org/contact-us,cincinnati_east_side,,,,SRC-PARISH-20260807-018,2026-08-07,candidate,"Physical church retained after the four Crescent churches merged into Transfiguration of Our Lord Parish."
5712149d-f2ee-4b70-96a4-3d2f6251411b,"St. John the Evangelist Church","Transfiguration of Our Lord Parish","Crescent Parishes",church,active,"7121 Plainfield Rd",Cincinnati,OH,45236,,,"(513) 791-9004",https://crescentparishes.org/contact-us,cincinnati_east_side,,,,SRC-PARISH-20260807-019,2026-08-07,candidate,"Physical church retained after the four Crescent churches merged into Transfiguration of Our Lord Parish."
17f8f3db-9814-4aa9-a50f-7ab5d8b7ff1a,"Nativity of Our Lord Church","Transfiguration of Our Lord Parish","Crescent Parishes",church,active,"5935 Pandora Ave",Cincinnati,OH,45213,,,"(513) 531-3164",https://crescentparishes.org/contact-us,cincinnati_east_side,,,,SRC-PARISH-20260807-020,2026-08-07,candidate,"Physical church retained after the four Crescent churches merged into Transfiguration of Our Lord Parish."
f70100cd-234f-4bbb-b968-ba2dd8ed1a22,"Holy Trinity Church","Transfiguration of Our Lord Parish","Crescent Parishes",church,active,"2420 Drex Ave",Norwood,OH,45212,,,"(513) 531-3164",https://crescentparishes.org/contact-us,cincinnati_east_side,,,,SRC-PARISH-20260807-021,2026-08-07,candidate,"Physical church retained after the four Crescent churches merged into Transfiguration of Our Lord Parish."
f074b691-27ff-4d0e-94d7-1e2d68dacd61,"St. Stephen Church","St. Stephen Parish","Riverview Catholics",church,active,"3804 Eastern Ave",Cincinnati,OH,45226,,,"(513) 871-3373",https://riverviewcatholics.org/contact-us/,cincinnati_east_side,,,,SRC-PARISH-20260807-022,2026-08-07,needs_resolution,"Columbia Tusculum coverage relationship remains unverified."
ca87f06d-391d-49ce-bfe2-6d404bf188ea,"Our Lord Christ the King Church","Our Lord Christ the King Parish","Riverview Catholics",church,active,"3223 Linwood Ave",Cincinnati,OH,45226,,,"(513) 321-4121",https://riverviewcatholics.org/christ-the-king/,cincinnati_east_side,,,,SRC-PARISH-20260807-023,2026-08-07,candidate,"Current official page identifies the church with Mt. Lookout."
d0dab63f-134b-4781-b132-b78fbd8560cf,"St. Mary Church","St. Mary Parish","Eastside Catholics",church,active,"2853 Erie Ave",Cincinnati,OH,45208,,,"(513) 321-1207",https://eastsidefaith.org/contact-us,cincinnati_east_side,,,,SRC-PARISH-20260807-024,2026-08-07,candidate,"Current official family contact page confirms the physical destination."
50e1f7a6-c1c7-44a9-a926-ccb8eced7340,"St. Cecilia Church","St. Cecilia Parish","Eastside Catholics",church,active,"3105 Madison Rd",Cincinnati,OH,45209,,,"(513) 871-5757",https://stceciliacincinnati.org/,cincinnati_east_side,,,,SRC-PARISH-20260807-025,2026-08-07,candidate,"Current official parish evidence identifies the location with Oakley."
8436d4bc-a917-4546-97a7-07b436af8ec7,"Oratory of St. John Vianney at St. Anthony Church","St. Cecilia Parish","Eastside Catholics",oratory,active,"6104 Desmond St",Cincinnati,OH,45227,,,"(513) 871-5757",https://eastsidefaith.org/oratory-of-st-john-vianney,cincinnati_east_side,,,,SRC-PARISH-20260807-026,2026-08-07,candidate,"One physical destination represented as the current oratory at St. Anthony Church; the separate mailing address is not used."
2dd1e5c9-6823-49c4-afa6-0b8237c9b077,"St. Gertrude Church","St. Gertrude Parish","St. Gertrude",church,active,"6543 Miami Ave",Cincinnati,OH,45243,,,"(513) 561-5954",https://stgertrude.org/im-new/,cincinnati_east_side,,,,SRC-PARISH-20260807-027,2026-08-07,candidate,"Current parish page identifies the location with Madeira."
6eb2f63f-1c6e-4498-8aad-477867b2f0f3,"St. Vincent Ferrer Church","St. Vincent Ferrer Parish","St. Paul the Apostle",church,active,"7754 Montgomery Rd",Cincinnati,OH,45236,,,"(513) 791-9030",https://svfchurch.org/Contact-Us,cincinnati_east_side,,,,SRC-PARISH-20260807-028,2026-08-07,candidate,"Current official parish page confirms the location and St. Paul the Apostle family relationship."
0237d6e1-60ad-4e48-a05f-88097aeba89e,"All Saints Catholic Church","All Saints Parish","St. Paul the Apostle",church,active,"8939 Montgomery Rd",Cincinnati,OH,45236,,,"(513) 792-4600",https://www.allsaints.cc/contact-us,cincinnati_east_side,,,,SRC-PARISH-20260807-029,2026-08-07,needs_resolution,"Kenwood, Montgomery, and Blue Ash coverage relationships remain partly unresolved."
3ec2c517-2ef7-41ae-8a40-7bb187715e88,"St. Francis de Sales Church","St. Francis de Sales Parish","Riverview Catholics",church,active,"1600 Madison Rd",Cincinnati,OH,45206,,,"(513) 961-1945",https://stfrancisds.com/about/,cincinnati_east_side,,,,SRC-PARISH-20260807-030,2026-08-07,candidate,"Current parish evidence confirms East Walnut Hills and retains the Riverview relationship; the Riverview contact page omits this destination."
ebdf18e1-1dd7-449b-9f19-ead684d2047d,"Holy Cross-Immaculata Church","Holy Cross-Immaculata Parish","Riverview Catholics",church,active,"30 Guido St",Cincinnati,OH,45202,,,"(513) 721-6544",https://riverviewcatholics.org/contact-us/,cincinnati_east_side,,,,SRC-PARISH-20260807-031,2026-08-07,candidate,"Current official family evidence confirms the physical destination and Mt. Adams relationship."
